{
  "sections": {
    "main": {
      "type": "main-product",
      "blocks": {
        "vendor": {
          "type": "text",
          "settings": {
            "text": "{{ product.vendor }}",
            "text_style": "uppercase"
          }
        },
        "title": {
          "type": "title"
        },
        "caption": {
          "type": "text",
          "settings": {
            "text": "{{ product.metafields.descriptors.subtitle.value }}",
            "text_style": "subtitle"
          }
        },
        "price": {
          "type": "price"
        },
        "variant_picker": {
          "type": "variant_picker",
          "settings": {
            "picker_type": "button"
          }
        },
        "quantity_selector": {
          "type": "quantity_selector"
        },
        "buy_buttons": {
          "type": "buy_buttons",
          "settings": {
            "show_dynamic_checkout": true,
            "show_gift_card_recipient": true
          }
        },
        "description": {
          "type": "description"
        },
        "collapsible-row-0": {
          "type": "collapsible_tab",
          "settings": {
            "heading": "Materials",
            "icon": "leather",
            "content": "",
            "page": ""
          }
        },
        "collapsible-row-1": {
          "type": "collapsible_tab",
          "settings": {
            "heading": "Shipping & Returns",
            "icon": "truck",
            "content": "",
            "page": ""
          }
        },
        "collapsible-row-2": {
          "type": "collapsible_tab",
          "settings": {
            "heading": "Dimensions",
            "icon": "ruler",
            "content": "",
            "page": ""
          }
        },
        "collapsible-row-3": {
          "type": "collapsible_tab",
          "settings": {
            "heading": "Care Instructions",
            "icon": "heart",
            "content": "",
            "page": ""
          }
        },
        "share": {
          "type": "share",
          "settings": {
            "share_label": "Share"
          }
        },
        "delivery-check": {
          "type": "delivery-check"
        },
        "tiered-pricing": {
          "type": "tiered-pricing"
        },
        "payment-offers": {
          "type": "payment-offers"
        },
        "trust-badges": {
          "type": "trust-badges"
        }
      },
      "block_order": [
        "vendor",
        "title",
        "caption",
        "price",
        "variant_picker",
        "quantity_selector",
        "buy_buttons",
        "delivery-check",
        "tiered-pricing",
        "payment-offers",
        "description",
        "trust-badges",
        "collapsible-row-0",
        "collapsible-row-1",
        "collapsible-row-2",
        "collapsible-row-3",
        "share"
      ],
      "settings": {
        "enable_sticky_info": true,
        "gallery_layout": "thumbnail_left",
        "media_size": "large",
        "constrain_to_viewport": true,
        "mobile_thumbnails": "show",
        "hide_variants": true,
        "enable_video_looping": false,
        "padding_top": 36,
        "padding_bottom": 12
      }
    },
    "image-with-text": {
      "type": "image-with-text",
      "blocks": {
        "image-with-text-0": {
          "type": "heading",
          "settings": {
            "heading": "Image with text",
            "heading_size": "h1"
          }
        },
        "image-with-text-1": {
          "type": "text",
          "settings": {
            "text": "<p>Pair text with an image to focus on your chosen product, collection, or blog post. Add details on availability, style, or even provide a review.<\/p>",
            "text_style": "body"
          }
        }
      },
      "block_order": [
        "image-with-text-0",
        "image-with-text-1"
      ],
      "settings": {
        "height": "small",
        "desktop_image_width": "medium",
        "layout": "text_first",
        "desktop_content_position": "top",
        "desktop_content_alignment": "left",
        "content_layout": "no-overlap",
        "color_scheme": "scheme-2",
        "mobile_content_alignment": "left",
        "padding_top": 36,
        "padding_bottom": 36
      }
    },
    "multicolumn": {
      "type": "multicolumn",
      "blocks": {
        "column-0": {
          "type": "column",
          "settings": {
            "title": "Free Shipping",
            "text": "<p>Pair text with an image to focus on your chosen product, collection, or blog post. Add details on availability, style, or even provide a review.<\/p>",
            "link_label": "",
            "link": ""
          }
        },
        "column-1": {
          "type": "column",
          "settings": {
            "title": "Hassle-Free Exchanges",
            "text": "<p>Pair text with an image to focus on your chosen product, collection, or blog post. Add details on availability, style, or even provide a review.<\/p>",
            "link_label": "",
            "link": ""
          }
        }
      },
      "block_order": [
        "column-0",
        "column-1"
      ],
      "settings": {
        "title": "",
        "heading_size": "h1",
        "image_width": "full",
        "image_ratio": "adapt",
        "columns_desktop": 2,
        "column_alignment": "left",
        "background_style": "none",
        "button_label": "",
        "button_link": "",
        "swipe_on_mobile": false,
        "color_scheme": "scheme-1",
        "columns_mobile": "1",
        "padding_top": 36,
        "padding_bottom": 36
      }
    },
    "related-products": {
      "type": "related-products",
      "settings": {
        "heading": "You may also like",
        "heading_size": "h2",
        "columns_desktop": 4,
        "color_scheme": "scheme-1",
        "image_ratio": "square",
        "show_secondary_image": true,
        "show_vendor": false,
        "show_rating": false,
        "columns_mobile": "2",
        "padding_top": 36,
        "padding_bottom": 28
      }
    }
  },
  "order": [
    "main",
    "image-with-text",
    "multicolumn",
    "related-products"
  ]
}
